id,title,title_fr
10000,Abortion Service,Service d'avortement
10001,Abruzzo Restaurant,Restaurant des Abruzzes
10002,Academic Camp,Camp académique
10003,Accessories,Accessoires
10004,Accountant,Comptable
10005,Actor,Acteur de cinéma
10006,Acupuncturist,Acupuncteur
10007,Addiction Resources Center,Centre de ressources sur la toxicomanie
10008,Addiction Service,Service de toxicomanie
10009,Addiction Treatment Center,Centre de traitement de la toxicomanie
10010,Adoption Service,Service d'adoption
10011,Adult Entertainment Club,Club de divertissement pour adultes
10012,Adult Entertainment Service,Service de divertissement pour adultes
10013,Advertising Agency,Agence de publicité
10014,Advertising/Marketing,Marketing publicitaire
10015,Aerospace Company,Entreprise aérospatiale
10016,Afghan Restaurant,Restaurant afghan
10017,African Methodist Episcopal Church,Église épiscopale méthodiste africaine
10018,African Restaurant,Restaurant Africain
10019,Agricultural Cooperative,Coopérative agricole
10020,Agricultural Service,Service agricole
10021,Agriculture,Agriculture
10022,Agriculture Company,Entreprise agricole
10023,AIDS Resource Center,Centre de ressources sur le sida
10024,Aircraft Dealership,Concessionnaire d'avions
10025,Airline Company,Compagnie aérienne
10026,Airline Industry Service,Service de l'industrie aérienne
10027,Airport,Aéroport
10028,Airport Lounge,Salon de l'aéroport
10029,Airport Shuttle Service,Service de navette aéroport
10030,Airport Terminal,Terminal d'aéroport
10031,Album,Album
10032,Alcohol Addiction Treatment Center,Centre de traitement de la dépendance à l'alcool
10033,Allergist,Allergologue
10034,Alternative & Holistic Health Service,Service de santé alternative et holistique
10035,Amateur Photographer,Photographe amateur
10036,Amateur Sports League,Ligue sportive amateur
10037,Amateur Sports Team,Équipe sportive amateur
10038,American Restaurant,Restaurant américain
10039,Amphitheater,Amphithéâtre
10040,Amusement & Theme Park,Parc d'attractions et à thème
10041,Andhra Restaurant,Restaurant Andra
10042,Anesthesiologist,Anesthésiste
10043,Anglican Church,Église anglicane
10044,Animal,Animal
10045,Animal Breed,Race animale
10046,Animal Rescue Service,Service de sauvetage des animaux
10047,Animal Shelter,Refuge animalier
10048,Animation Studio,Studio d'animations
10049,Antique Store,Magasin d'antiquité
10050,Apartment & Condo Building,Immeuble d'appartements et de condos
10051,Apostolic Church,Église apostolique
10052,App Page,Page de l'application
10053,Apparel & Clothing,Vêtements et vêtements
10054,Apparel Distributor,Distributeur de vêtements
10055,Appliance Manufacturer,Fabricant d'appareils électroménagers
10056,Appliance Repair Service,Service de réparation d'électroménager
10057,Appliance Store,Magasin d'appareils
10058,Appliances,appareils électroménagers
10059,Aquarium,Aquarium
10060,Aquatic Pet Store,Animalerie aquatique
10061,Arabian Restaurant,Restaurant arabe
10062,Arboretum,Arboretum
10063,Arcade,Arcade
10064,Archaeological Service,Service Archéologique
10065,Archery Range,Tir à l'arc
10066,Archery Shop,Boutique de tir à l'arc
10067,Architect,Architecte
10068,Architectural Designer,Concepteur en architecture
10069,Architectural Engineer,Ingénieur architecte
10070,Architectural Tour Agency,Agence de visites architecturales
10071,Argentinian Restaurant,Restaurant argentin
10072,Armed Forces,Forces armées
10073,Armenian Restaurant,Restaurant arménien
10074,Aromatherapy Service,Service d'aromathérapie
10075,Art,Art
10076,Art Gallery,Galerie d'art
10077,Art Museum,Musée d'art
10078,Art Restoration Service,Service de restauration d'œuvres d'art
10079,Art School,École d'art
10080,Art Tour Agency,Agence de voyages artistiques
10081,Article,Article
10082,Artist,Artiste
10083,Arts & Crafts Store,Magasin d'art et d'artisanat
10084,Arts & Entertainment,Culture & Loisirs
10085,Arts & Humanities Website,Site Web des arts et des sciences humaines
10086,Asian Fusion Restaurant,Restaurant fusion asiatique
10087,Asian Restaurant,Restaurant asiatique
10088,Assemblies of God,Assemblées de Dieu
10089,Astrologist,Astrologue
10090,Astrologist & Psychic,Astrologue et médium
10091,Athlete,Athlète
10092,ATV Dealership,Concessionnaire de VTT
10093,ATV Recreation Park,Parc de loisirs VTT
10094,ATV Rental,Location de VTT
10095,Auction House,Maison de vente aux enchères
10096,Audio Visual Equipment Store,Magasin d'équipement audiovisuel
10097,Audiologist,Audiologiste
10098,Auditorium,Salle
10099,Australian Restaurant,Restaurant Australien
10100,Austrian Restaurant,Restaurant Autrichien
10101,Author,Auteur
10102,Auto Dealers,Concessionnaires automobiles
10103,Auto Detailing Service,Service d'esthétique automobile
10104,Automated Teller Machine (ATM),Guichet automatique bancaire (GAB)
10105,Automation Service,Service d'automatisation
10106,Automotive Body Shop,Carrosserie automobile
10107,Automotive Consultant,Consultant automobile
10108,Automotive Customization Shop,Atelier de personnalisation automobile
10109,Automotive Dealership,Concessionnaire automobile
10110,Automotive Glass Service,Service de verre automobile
10111,Automotive Leasing Service,Service de crédit-bail automobile
10112,Automotive Manufacturer,Constructeur automobile
10113,Automotive Parts Store,Magasin de pièces automobiles
10114,Automotive Registration Center,Centre d'immatriculation automobile
10115,Automotive Repair Shop,Atelier de réparation automobile
10116,Automotive Restoration Service,Service de restauration automobile
10117,Automotive Service,Service automobile
10118,Automotive Shipping Service,Service d'expédition automobile
10119,Automotive Storage Facility,Installation de stockage automobile
10120,Automotive Store,Magasin automobile
10121,Automotive Wheel Polishing Service,Service de polissage de roues automobiles
10122,Automotive Wholesaler,Grossiste automobile
10123,Automotive Window Tinting Service,Service de teinture de vitres automobiles
10124,Automotive; Aircraft & Boat,Automobile; Avion et Bateau
10125,Aviation Repair Station,Station de réparation aéronautique
10126,Aviation School,École d'aviation
10127,Avionics Shop,Boutique avionique
10128,Awning Supplier,Fournisseur d'auvents
10129,Azerbaijani Restaurant,Restaurant azerbaïdjanais
11000,Baby & Children’s Clothing Store,Magasin de vêtements pour bébés et enfants
11001,Baby Goods/Kids Goods,Articles pour bébés/articles pour enfants
11002,Babysitter,Baby-sitter
11003,Baden Restaurant,Bade-Restaurant
11004,Badminton Court,Terrain de badminton
11005,Bagel Shop,Boutique de bagels
11006,Bags & Luggage Company,Entreprise de sacs et bagages
11007,Bags & Luggage Store,Magasin de sacs et bagages
11008,Bags/Luggage,Sacs/Bagages
11009,Bail Bondsmen,Gardiens de caution
11010,Bakery,Pâtisserie
11011,Balinese Restaurant,Restaurant balinais
11012,Balloonport,Montgolfière
11013,Ballroom,Salle de bal
11014,Band,Bande
11015,Bank,Banque
11016,Bank Equipment & Service,Équipement et services bancaires
11017,Bankruptcy Lawyer,Avocat en faillite
11018,Baptist Church,Église baptiste
11019,Bar,Bar
11020,Bar & Grill,Bar & Grillades
11021,Barbecue Restaurant,Restaurant-barbecue
11022,Barber Shop,Salon de coiffure
11023,Bartending School,École de barman
11024,Bartending Service,Service de barman
11025,Baseball Field,Terrain de baseball
11026,Baseball Stadium,Stade de baseball
11027,Basilicata Restaurant,Restaurant Basilicate
11028,Basketball Court,Terrain de basketball
11029,Basketball Stadium,Stade de basket
11030,Basque Restaurant,Restaurant basque
11031,Batting Cage,Cage de frappeur
11032,Bavarian Restaurant,Restaurant bavarois
11033,Bay,Baie
11034,Beach,Plage
11035,Beach Resort,station balnéaire
11036,Beauty Salon,Salon de beauté
11037,Beauty Store,Magasin de beauté
11038,Beauty Supplier,Fournisseur de beauté
11039,Beauty Supply Store,Magasin de produits de beauté
11040,Beauty; Cosmetic & Personal Care,Beauté; Cosmétique et soins personnels
11041,Beauty/Cosmetics Company,Entreprise de beauté/cosmétique
11042,Bed and Breakfast,Lit et petit déjeuné
11043,Beer Bar,Bar à bière
11044,Beer Garden,Jardin de la bière
11045,Beijing Restaurant,Restaurant de Pékin
11046,Belarusian Restaurant,Restaurant biélorusse
11047,Belgian Restaurant,Restaurant Belge
11048,Bengali/Bangladeshi Restaurant,Restaurant bengali/bangladais
11049,Betawinese Restaurant,Restaurant Betawine
11050,Betting Shop,Boutique de paris
11051,Bicycle Repair Service,Service de réparation de vélos
11052,Bicycle Shop,Magasin de vélo
11053,Big Box Retailer,Détaillant à grande surface
11054,Bike Rental,Location de vélos
11055,Bike Trail,Piste cyclable
11056,Bingo Hall,Salle de bingo
11057,Biotechnology Company,Société de biotechnologie
11058,Blacksmith,Forgeron
11059,Blinds & Curtains Store,Magasin de stores et rideaux
11060,Blogger,Blogueur
11061,Blood Bank,Banque du sang
11062,Board Game,Jeu de plateau
11063,Boat / Sailing Instructor,Bateau / Moniteur de Voile
11064,Boat Dealership,Concessionnaire de bateaux
11065,Boat Rental,Location de bateaux
11066,Boat Service,Service de bateau
11067,Boat Tour Agency,Agence d'excursions en bateau
11068,Boat/Ferry Company,Compagnie de bateaux/ferries
11069,Bolivian Restaurant,Restaurant bolivien
11070,Book,Livre
11071,Book & Magazine Distributor,Distributeur de livres et de magazines
11072,Book Genre,Genre de livre
11073,Book Series,Séries de livres
11074,Books & Magazines,Livres et revues
11075,Bookstore,Librairie
11076,Borough,Arrondissement
11077,Bossam/Jokbal Restaurant,Restaurant Bossam/Jokbal
11078,Botanical Garden,jardin botanique
11079,Bottled Water Company,Compagnie d'eau en bouteille
11080,Bottled Water Supplier,Fournisseur d'eau en bouteille
11081,Boutique Store,Boutique Boutique
11082,Bowling Alley,Allée de bowling
11083,Boxing Studio,Studio de boxe
11084,Brand,Marque
11085,Brand Agency,Agence de marque
11086,Brands & Products,Marques & Produits
11087,Brazilian Restaurant,Resto Brésilien
11088,Breakfast & Brunch Restaurant,Restaurant petit-déjeuner et brunch
11089,Brewery,Brasserie
11090,Bridal Shop,Boutique de mariage
11091,Bridge,Pont
11092,British Restaurant,Restaurant britannique
11093,Broadcasting & Media Production Company,Société de radiodiffusion et de production médiatique
11094,Brokerage Firm,Cabinet de courtage
11095,Bubble Tea Shop,Boutique de thé aux bulles
11096,Buddhist Temple,Temple bouddhiste
11097,Buffet Restaurant,Restaurant-Buffet
11098,Building Material Store,Magasin de matériaux de construction
11099,Building Materials,Matériaux de construction
11100,Bulgarian Restaurant,Restaurant bulgare
11101,Bunsik Restaurant,Restaurant Bunsik
11102,Burger Restaurant,Restaurant de hamburgers
11103,Burmese Restaurant,Restaurant Birman
11104,Bus Line,Ligne d'autobus
11105,Bus Station,Station de bus
11106,Bus Tour Agency,Agence d'excursions en bus
11107,Business,Entreprise
11108,Business & Economy Website,Site Web d'affaires et d'économie
11109,Business & Utility Services,Services aux entreprises et services publics
11110,Business Center,Centre d'affaires
11111,Business Consultant,Consultant en affaires
11112,Business Service,Service d'affaires
11113,Business Supply Service,Service d'approvisionnement des entreprises
11114,Businesses,Entreprises
11115,Butcher Shop,Boucherie
12000,Cabin,Cabine
12001,Cabinet & Countertop Store,Magasin d'armoires et de comptoirs
12002,Cable & Satellite Company,Entreprise de câble et de satellite
12003,Cafe,Café
12004,Cafeteria,Cafétéria
12005,Cajun & Creole Restaurant,Restaurant Cajun & Créole
12006,Calabrian Restaurant,Restaurant Calabrais
12007,Cambodian Restaurant,Restaurant cambodgien
12008,Camera Store,Magasin d'appareils photo
12009,Camera/Photo,Appareil photo/Photo
12010,Campground,Camping
12011,Campus Building,Bâtiment du campus
12012,Canadian Restaurant,Restaurant Canadien
12013,Canal,Canal
12014,Candy Store,Magasin de friandises
12015,Canoe & Kayak Rental,Location de canoë et kayak
12016,Cantonese Restaurant,Restaurant Cantonais
12017,Capitol Building,Bâtiment du Capitole
12018,Car Dealership,Concessionnaire automobile
12019,Car Rental,Location de voiture
12020,Car Stereo Store,Magasin d'autoradio
12021,Car Wash,Lave-Auto
12022,Cardiologist,Cardiologue
12023,Career Counselor,Conseiller d'orientation
12024,Cargo & Freight Company,Compagnie de fret et de fret
12025,Caribbean Restaurant,Restaurant caribéen
12026,Carnival Supply Store,Magasin de fournitures de carnaval
12027,Carpenter,Menuisier
12028,Carpet & Flooring Store,Magasin de tapis et de revêtements de sol
12029,Carpet Cleaner,Nettoyeur de tapis
12030,Cars,Voitures
12031,Cash Advance Service,Service d'avance de fonds
12032,Casino,Casino
12033,Casino & Gaming,Casinos et jeux
12034,Castle,Château
12035,Catalan Restaurant,Restaurant catalan
12036,Caterer,Traiteur
12037,Catholic Church,église catholique
12038,Cause,Cause
12039,Cave,Grotte
12040,Cemetery,Cimetière
12041,Chaat Place,Lieu de chat
12042,Champagne Bar,Bar à Champagne
12043,Charismatic Church,Église charismatique
12044,Charity Organization,Organisation caritative
12045,Charter Bus Service,Service d'autobus nolisé
12046,Cheese Shop,Fromagerie
12047,Chef,Chef
12048,Chemical Company,Société de produits chimiques
12049,Chicken Joint,Rôti de poulet
12050,Child Care Service,Service de garde d'enfants
12051,Child Protective Service,Service de protection de l'enfance
12052,Children’s Museum,Musée des enfants
12053,Chilean Restaurant,Restaurant chilien
12054,Chimney Sweeper,Ramoneur
12055,Chinese Restaurant,Restaurant chinois
12056,Chiropractor,Chiropracteur
12057,Chocolate Shop,Boutique de chocolat
12058,Choir,Chorale
12059,Christian Church,église chrétienne
12060,Christian Science Church,Église de la science chrétienne
12061,Church,Église
12062,Church of Christ,L'Église du Christ
12063,Church of God,Église de Dieu
12064,Church of Jesus Christ of Latter-day Saints,Église de Jésus-Christ des Saints des Derniers Jours
12065,Circus,Cirque
12066,City,Ville
12067,City Hall,Mairie
12068,City Infrastructure,Infrastructures de la ville
12069,Civilization Museum,Musée de la civilisation
12070,Cleaning Service,Service de nettoyage
12071,Clothing (Brand),Marque de vêtements)
12072,Clothing Company,Compagnie de vêtements
12073,Clothing Store,Magasin de vêtements
12074,Coach,Entraîneur
12075,Cocktail Bar,Bar à cocktails
12076,Coffee Shop,Café
12077,Collectibles Store,Boutique d'objets de collection
12078,Collection Agency,Agence de recouvrement
12079,College / University Bookstore,Librairie collégiale/universitaire
12080,College & University,Collège & Université
12081,Colombian Restaurant,Restaurant colombien
12082,Color,Couleur
12083,Comedian,Comédien
12084,Comedy Club,Club de comédie
12085,Comfort Food Restaurant,Restaurant de cuisine réconfortante
12086,Comic Bookstore,Librairie BD
12087,Commercial & Industrial,Commercial & Industriel
12088,Commercial & Industrial Equipment Supplier,Fournisseur d'équipements commerciaux et industriels
12089,Commercial Bank,Banque commerciale
12090,Commercial Equipment,Équipement commercial
12091,Commercial Real Estate Agency,Agence immobilière commerciale
12092,Commercial Truck Dealership,Concessionnaire de camions commerciaux
12093,Community,Communauté
12094,Community Center,Centre communautaire
12095,Community College,Collège communautaire
12096,Community Garden,Jardin communautaire
12097,Community Museum,Musée communautaire
12098,Community Organization,Organisme communautaire
12099,Community Service,Service publique
12100,Company,Compagnie
12101,Competition,Concurrence
12102,Computer Company,Compagnie informatique
12103,Computer Repair Service,Service de réparation d'ordinateurs
12104,Computer Store,Magasin d'informatique
12105,Computer Training School,École de formation en informatique
12106,Computers (Brand),Ordinateurs (Marque)
12107,Computers & Internet Website,Ordinateurs et site Internet
12108,Concentration or Major,Concentration ou Majeure
12109,Concert Tour,Tournée de concerts
12110,Concrete Contractor,Entrepreneur Béton
12111,Congregational Church,Église congrégationaliste
12112,Construction Company,Compagnie de construction
12113,Consulate & Embassy,Consulat & Ambassade
12114,Consulting Agency,Agence de conseil
12115,Contemporary Art Museum,Musée d'art contemporain
12116,Content & Apps,Contenu et applications
12117,Continental Restaurant,Restaurant Continental
12118,Contract Lawyer,Avocat contractuel
12119,Contractor,Prestataire
12120,Convenience Store,Épicerie
12121,Convent & Monastery,Couvent & Monastère
12122,Convention Center,Palais des Congrès
12123,Cooking School,École de cuisine
12124,Copywriting Service,Service de rédaction
12125,Corporate Lawyer,Avocat d'entreprise
12126,Corporate Office,Siège social
12127,Cosmetic Dentist,Dentiste Cosmétique
12128,Cosmetics Store,Magasin de cosmétiques
12129,Cosmetology School,École de cosmétologie
12130,Costa Rican Restaurant,Restaurant costaricien
12131,Costume Shop,Boutique de costumes
12132,Cottage,Cottage
12133,Counselor,Conseiller
12134,Country,Pays
12135,Country Club / Clubhouse,Country Club / Clubhouse
12136,Country/Region,Pays/Région
12137,County,Comté
12138,Course,Cours
12139,Courthouse,Tribunal
12140,Crêperie,Crêperie
12141,Creators & Celebrities,Créateurs & Célébrités
12142,Credit Counseling Service,Service de conseil en crédit
12143,Credit Union,Caisse
12144,Cricket Ground,Terrain de cricket
12145,Criminal Lawyer,Avocat criminaliste
12146,Crisis Prevention Center,Centre de prévention des crises
12147,Cruise Agency,Agence de Croisière
12148,Cruise Line,Croisière
12149,Cuban Restaurant,Restaurant Cubain
12150,Cuisine,Cuisine
12151,Cultural Center,Centre culturel
12152,Cultural Gifts Store,Boutique de cadeaux culturels
12153,Cupcake Shop,Magasin de petits gâteaux
12154,Currency Exchange,Échange de devises
12155,Cycling Studio,Studio de cyclisme
12156,Czech Restaurant,Restaurant tchèque
13000,Dairy Farm,Ferme laitière
13001,Damage Restoration Service,Service de restauration des dommages
13002,Dance & Night Club,Danse et boîte de nuit
13003,Dance School,école de danse
13004,Dance Studio,Studio de danse
13005,Dancer,Danseur
13006,Dating Service,Service de rencontres
13007,Day Care,Garderie
13008,Day Spa,Un jour de spa
13009,Deck & Patio Builder,Constructeur de terrasses et patios
13010,Decorative Arts Museum,Musée des Arts Décoratifs
13011,Defense Company,Compagnie de défense
13012,Degree,Diplôme
13013,Deli,Épicerie
13014,Demolition & Excavation Company,Entreprise de démolition et d'excavation
13015,Dental Equipment,Équipement dentaire
13016,Dentist & Dental Office,Dentiste et cabinet dentaire
13017,Department Store,Grand magasin
13018,Dermatologist,Dermatologue
13019,Desert,Désert
13020,Design & Fashion,Conception et mode
13021,Designer,Designer
13022,Dessert Shop,Boutique de desserts
13023,Dhaba Restaurant,Dhaba Restaurant
13024,Diagnostic Center,Centre de diagnostic
13025,Dialysis Clinic,Clinique de dialyse
13026,Digital Creator,Créateur numérique
13027,Digital/Online Marketing Agency,Agence de marketing numérique/en ligne
13028,Dim Sum Restaurant,Restaurant Dim Sum
13029,Diner,Le dîner
13030,Disability Service,Services aux personnes handicapées
13031,Disc Golf Course,Parcours de golf à disque
13032,Discount Store,Magasin discount
13033,Distillery,Distillerie
13034,Dive Bar,Barre de plongée
13035,Diving Spot,Spot de plongée
13036,Divorce & Family Lawyer,Avocat divorce et famille
13037,DJ,DJ
13038,DMV,DMV
13039,Doctor,Docteur
13040,Dog Breeder,Éleveur de chiens
13041,Dog Day Care Center,Garderie pour chiens
13042,Dog Park,Parc à chien
13043,Dog Trainer,Entraineur de chien
13044,Dog Walker,Promeneur de chien
13045,Dominican Restaurant,Restaurant dominicain
13046,Donburi Restaurant,Donburi Restaurant
13047,Donut Shop,Magasin de Donut
13048,Dorm,Dortoir
13049,Dosa Restaurant,Dosa Restaurant
13050,Drafting Service,Service de rédaction
13051,Drink,Boisson
13052,Drive In Restaurant,Restaurant en voiture
13053,Drive-In Movie Theater,Cinéma Drive-In
13054,Driving Range,Champ d'exercice
13055,Driving School,Auto-école
13056,Drug Addiction Treatment Center,Centre de traitement de la toxicomanie
13057,Dry Cleaner,Teinturier
13058,DUI Lawyer,Avocat DUI
13059,Duty-Free Shop,Boutique hors taxes
14000,E-Cigarette Store,Magasin de cigarettes électroniques
14001,E-commerce Website,Site de commerce électronique
14002,Eastern European Restaurant,Restaurant d'Europe de l'Est
14003,Eastern Orthodox Church,Église orthodoxe orientale
14004,Eco Tour Agency,Agence d'écotourisme
14005,Ecuadorian Restaurant,Restaurant équatorien
14006,Editor,Éditeur
14007,Editorial/Opinion,Éditorial/Opinion
14008,Education,Éducation
14009,Education Company,Entreprise d'éducation
14010,Education Website,Site Web de l'éducation
14011,Education/Work Status,Statut scolaire/professionnel
14012,Educational Consultant,Conseillère pédagogique
14013,Educational Research Center,Centre de recherche pédagogique
14014,Educational Supply Store,Magasin de fournitures scolaires
14015,Egyptian Restaurant,Restaurant égyptien
14016,Electric Utility Provider,Fournisseur de services publics d'électricité
14017,Electrician,Électricien
14018,Electronics,Électronique
14019,Electronics Company,Société d'électronique
14020,Electronics Store,Magasin d'électronique
14021,Elementary School,École primaire
14022,Elevator Service,Service d'ascenseur
14023,Emergency Rescue Service,Service de secours d'urgence
14024,Emergency Roadside Service,Service routier d'urgence
14025,Emergency Room,URGENCES
14026,Emilia Romagna Restaurant,Restaurant Émilie-Romagne
14027,Employment Agency,Agence d'emploi
14028,Endocrinologist,Endocrinologue
14029,Endodontist,Endodontiste
14030,Energy Company,Société d'énergie
14031,Engineering Service,Service d'ingénierie
14032,Entertainment Lawyer,Avocat du divertissement
14033,Entertainment Website,Site Web de divertissement
14034,Entities,Entités
14035,Entrepreneur,Chef d'entreprise
14036,Environmental Conservation Organization,Organisation de protection de l'environnement
14037,Environmental Consultant,Consultant en environnement
14038,Environmental Service,Service de l'environnement
14039,Episcopal Church,Église épiscopale
14040,Episode,Épisode
14041,Equestrian Center,Centre Equestre
14042,Escape Game Room,Salle de jeux d'évasion
14043,Escrow Service,Service d'entiercement
14044,Esports League,Ligue e-sport
14045,Esports Team,Équipe Esports
14046,Estate Planning Lawyer,Avocat en planification successorale
14047,Ethiopian Restaurant,Restaurant éthiopien
14048,Ethnic Grocery Store,Épicerie ethnique
14049,European Restaurant,Restaurant européen
14050,Evangelical Church,Église évangélique
14051,Event,Événement
14052,Event Photographer,Photographe événementiel
14053,Event Planner,Planificateur d'événements
14054,Event Space,Espace événementiel
14055,Event Videographer,Vidéaste événementiel
14056,Exchange Program,Programme d'échange
14057,Exotic Car Rental,Location de voitures exotiques
15000,Fabric Store,Magasin de tissu
15001,Fairground,Champ de foire
15002,Family Doctor,Médecin de famille
15003,Family Medicine Practice,Cabinet de médecine familiale
15004,Family Style Restaurant,Restaurant familial
15005,Family Therapist,Thérapeute familial
15006,Fan Page,Page de fan
15007,Farm,Cultiver
15008,Farmers Market,Marché des fermiers
15009,Fashion,Mode
15010,Fashion Company,Entreprise de mode
15011,Fashion Designer,Styliste modéliste
15012,Fashion Model,Mannequin
15013,Fast Food Restaurant,Restauration rapide
15014,Fence & Gate Contractor,Entrepreneur en clôture et portail
15015,Fencing Club,Club d'escrime
15016,Fertility Doctor,Docteur en fertilité
15017,Fertilizer Company,Entreprise d'engrais
15018,Festival,Festival
15019,Fictional Character,Personnage fictif
15020,Field,Champ
15021,Field of Study,Domaine d'étude
15022,Filipino Restaurant,Restaurant philippin
15023,Film Director,Réalisateur
15024,Finance,Finance
15025,Finance Company,Société financière
15026,Financial Aid Service,Service d'aide financière
15027,Financial Consultant,Conseiller financier
15028,Financial Planner,Planificateur financier
15029,Financial Service,Service financier
15030,Fire Protection Service,Service de protection contre les incendies
15031,Fire Station,Caserne de pompiers
15032,Fireplace Store,Magasin de cheminée
15033,Fireworks Retailer,Détaillant de feux d'artifice
15034,First Aid Class,Cours de premiers soins
15035,Fish & Chips Restaurant,Restaurant de poisson et frites
15036,Fish Farm,Ferme aquacole
15037,Fish Market,Marché aux poissons
15038,Fishing Charter,Charte de pêche
15039,Fishing Spot,Lieu de pêche
15040,Fishing Store,Magasin de pêche
15041,Fitness Boot Camp,Camp d'entraînement de remise en forme
15042,Fitness Model,Modèle de remise en forme
15043,Fitness Trainer,Entraîneur
15044,Fitness Venue,Salle de remise en forme
15045,Fjord/Loch,Fjord/Loch
15046,Flea Market,Marché aux puces
15047,Flight School,École de pilotage
15048,Florist,Fleuriste
15049,Flyboarding Center,Centre de Flyboard
15050,Fondue Restaurant,Restaurant de fondue
15051,Food,Aliments
15052,Food & Beverage,Nourriture & Boissons
15053,Food & Beverage Company,Entreprise d'alimentation et de boissons
15054,Food & Personal Goods,Nourriture & Biens personnels
15055,Food Consultant,Conseiller en alimentation
15056,Food Delivery Service,Service de livraison de nourriture
15057,Food Stand,Stand de restauration
15058,Food Tour Agency,Agence de visites gastronomiques
15059,Food Truck,Camion de nourriture
15060,Food Website,Site Web de l'alimentation
15061,Food Wholesaler,Grossiste alimentaire
15062,Foodservice Distributor,Distributeur de services alimentaires
15063,Football Stadium,Stade de football
15064,Footwear Store,Magasin de chaussures
15065,Forestry & Logging,Foresterie & Exploitation forestière
15066,Forestry Service,Service forestier
15067,Fort,Fort
15068,Franchise Broker,Courtier en franchise
15069,Franchising Service,Service de franchisage
15070,French Restaurant,Restaurant français
15071,Frozen Yogurt Shop,Magasin de yaourt glacé
15072,Fruit & Vegetable Store,Magasin de fruits et légumes
15073,Fujian Restaurant,Restaurant du Fujian
15074,Full Gospel Church,Église du Plein Evangile
15075,Funeral Service & Cemetery,Service funéraire et cimetière
15076,Furniture,Meubles
15077,Furniture Repair & Upholstery Service,Service de réparation et de rembourrage de meubles
15078,Furniture Store,Magasin de meubles
16000,Game Publisher,Éditeur du jeu
16001,Gamer,joueur
16002,Games/Toys,Jeux/Jouets
16003,Gaming Video Creator,Créateur de vidéos de jeu
16004,Garage Door Service,Service de porte de garage
16005,Garden Center,Jardinerie
16006,Gardener,Jardinier
16007,Gas & Chemical Service,Service de gaz et de produits chimiques
16008,Gas Station,Station-essence
16009,Gastroenterologist,Gastro-entérologue
16010,Gastropub,Pub gastronomique
16011,Gay Bar,Bar gay
16012,Gelato Shop,Boutique de glaces
16013,Genealogist,Généalogiste
16014,General Dentist,Dentiste Général
16015,General Interest,Intérêt général
16016,General Litigation,Contentieux général
16017,Geographical Place,Lieu géographique
16018,Geography,Géographie
16019,Geologic Service,Service géologique
16020,Georgian Restaurant,Restaurant géorgien
16021,German Restaurant,Restaurant allemand
16022,Gerontologist,Gérontologue
16023,Gift Shop,Boutique de souvenirs
16024,Glacier,Glacier
16025,Glass & Mirror Shop,Magasin de verre et de miroir
16026,Glass Blower,Souffleur de verre
16027,Glass Manufacturer,Fabricant de verre
16028,Glass Service,Service de verre
16029,Gluten-Free Restaurant,Restaurant sans gluten
16030,Go-Kart Track,Piste de karting
16031,Goan Restaurant,Goa Restaurant
16032,Golf Cart Dealership,Concessionnaire de voiturettes de golf
16033,Golf Course & Country Club,Terrain de golf et country club
16034,Golf Instructor,Professeur de golf
16035,Government Agencies,Organismes gouvernementaux
16036,Government Building,Bâtiment gouvernemental
16037,Government Official,Fonctionnaire du gouvernement
16038,Government Organization,Organisation gouvernementale
16039,Government Website,Site Web du gouvernement
16040,Granite & Marble Supplier,Fournisseur de granite et de marbre
16041,Graphic Designer,Designer graphique
16042,Greek Restaurant,Restaurant grec
16043,Grocery & Convenience Stores,Épiceries et dépanneurs
16044,Grocery Store,Épicerie
16045,Guatemalan Restaurant,Restaurant guatémaltèque
16046,Guizhou Restaurant,Restaurant du Guizhou
16047,Gujarati Restaurant,Restaurant gujarati
16048,Gukbap Restaurant,Restaurant Gukbap
16049,Gun Range,Portée de tir
16050,Gun Store,Magasin d'armes
16051,Gutter Cleaning Service,Service de nettoyage de gouttières
16052,Gym/Physical Fitness Center,Gym/Centre de conditionnement physique
16053,Gymnastics Center,Centre de gymnastique
17000,Hainan Restaurant,Restaurant Hainan
17001,Hair Extensions Service,Service d'extensions de cheveux
17002,Hair Removal Service,Service d'épilation
17003,Hair Replacement Service,Service de remplacement capillaire
17004,Hair Salon,Salon de coiffure
17005,Haitian Restaurant,Restaurant Haïtien
17006,Halal Restaurant,Restaurant halal
17007,Halfway House,Maison de transition
17008,Handyman,Bricoleur
17009,Hang Gliding Center,Centre de deltaplane
17010,Harbor,port
17011,Hardware Store,Quincaillerie
17012,Has no posts.,N'a pas de messages.
17013,Hat Store,Magasin de chapeaux
17014,Haunted House,Maison hantée
17015,Hawaiian Restaurant,Restaurant hawaïen
17016,Health & Wellness Website,Site Web sur la santé et le bien-être
17017,Health Food Restaurant,Restaurant diététique
17018,Health Food Store,Magasin d'aliments naturels
17019,Health Spa,Spa santé
17020,Health/Beauty,Santé & Beauté
17021,Healthcare Administrator,Administrateur de la santé
17022,Heating; Ventilating & Air Conditioning Service,Chauffage; Service de ventilation et de climatisation
17023,Hedge Fund,Fonds de couverture
17024,Heliport,Héliport
17025,Henan Restaurant,Henan Restaurant
17026,Hessian Restaurant,Restaurant de Hesse
17027,High School,Lycée
17028,Highway,Autoroute
17029,Hiking Trail,Sentier de randonnée
17030,Himalayan Restaurant,Restaurant himalayen
17031,Hindu Temple,Temple Hindou
17032,Historical Place,Lieu historique
17033,Historical Tour Agency,Agence de visites historiques
17034,History Museum,Musée d'histoire
17035,Hobby Store,Magasin de loisirs
17036,Hockey Arena,Aréna de hockey
17037,Hockey Field / Rink,Terrain de Hockey / Patinoire
17038,Holiness Church,Église de la Sainteté
17039,Home,Maison
17040,Home & Auto,Maison et automobile
17041,Home & Garden Store,Maison & Jardin Magasin
17042,Home & Garden Website,Site Web de la maison et du jardin
17043,Home Decor,Décoration de maison
17044,Home Goods Store,Magasin d'articles ménagers
17045,Home Goods Stores,Magasins d'articles ménagers
17046,Home Health Care Service,Service de soins à domicile
17047,Home Improvement,Amélioration de l'habitat
17048,Home Improvement Service,Service d'amélioration de l'habitat
17049,Home Inspector,Inspecteur d'habitation
17050,Home Mover,Déménageur
17051,Home Security Company,Entreprise de sécurité à domicile
17052,Home Services,Services à domicile
17053,Home Staging Service,Service de mise en scène à domicile
17054,Home Theater Store,Magasin de cinéma maison
17055,Home Window Service,Service de fenêtre d'accueil
17056,Homebrew Supply Store,Magasin de fournitures de brassage maison
17057,Honduran Restaurant,Restaurant hondurien
17058,Hong Kong Restaurant,Restaurant hongkongais
17059,Hookah Lounge,Salon de narguilé
17060,Horse Riding School,École d'équitation
17061,Horse Trainer,Entraîneur de chevaux
17062,Horse-Drawn Carriage Service,Service de calèche
17063,Horseback Riding Center,Centre d'équitation
17064,Hospice,Hospice
17065,Hospital,Hôpital
17066,Hospitality Service,Service d'accueil
17067,Hostel,Hôtel
17068,Hot Air Balloon Tour Agency,Agence d'excursion en montgolfière
17069,Hot Dog Joint,Restaurant de hot-dogs
17070,Hot Pot Restaurant,Restaurant de fondue chinoise
17071,Hot Spring,Source chaude
17072,Hotel,Hôtel
17073,Hotel & Lodging,Hôtel & Hébergement
17074,Hotel Bar,Bar de l'hôtel
17075,Hotel Resort,Complexe hôtelier
17076,Hotel Services Company,Société de services hôteliers
17077,House Painting,Peinture de maison
17078,House Sitter,Gardien de maison
17079,Household Supplies,Articles ménagers
17080,Housing & Homeless Shelter,Logement et refuge pour sans-abri
17081,Housing Assistance Service,Service d'aide au logement
17082,Huaiyang Restaurant,Restaurant Huai Yang
17083,Hunan Restaurant,Restaurant du Hunan
17084,Hungarian Restaurant,Restaurant Hongrois
17085,Hyderabadi Restaurant,Restaurant Hyderabadi
18000,Iberian Restaurant,Restaurant Ibérique
18001,Ice Cream Shop,Glacier
18002,Ice Skating Rink,Patinoire
18003,Image Consultant,Conseiller en images
18004,Immigration Lawyer,Avocat spécialisé en droit de l'immigration
18005,Imperial Restaurant,Restaurant Impérial
18006,In-Home Service,Service à domicile
18007,Independent Bookstore,Librairie Indépendante
18008,Independent Church,Église indépendante
18009,Indian Chinese Restaurant,Restaurant chinois indien
18010,Indian Restaurant,Restaurant indien
18011,Indo Chinese Restaurant,Restaurant indo-chinois
18012,Indonesian Restaurant,Restaurant indonésien
18013,Industrial Company,Société industrielle
18014,Information Technology Company,Société de technologie de l'information
18015,Inn,auberge
18016,Insurance Agent,Agent d'assurance
18017,Insurance Broker,Courtier d'assurance
18018,Insurance Company,Compagnie d'assurance
18019,Intellectual Property Lawyer,Avocat en Propriété Intellectuelle
18020,Interdenominational Church,Église interconfessionnelle
18021,Interest,Intérêt
18022,Interior Design Studio,Studio de design d'intérieur
18023,Internet Cafe,Cyber ​​café
18024,Internet Company,Société Internet
18025,Internet Lawyer,Avocat Internet
18026,Internet Marketing Service,Service de marketing Internet
18027,Internet Service Provider,Fournisseur de services Internet
18028,Internist (Internal Medicine),Interniste (Médecine Interne)
18029,Inventory Control Service,Service de contrôle des stocks
18030,Investing Service,Service d'investissement
18031,Investment Bank,Banque d'investissement
18032,Investment Management Company,Société de gestion de placements
18033,Irani Restaurant,Restaurant iranien
18034,Irish Pub,pub irlandais
18035,Irish Restaurant,Restaurant Irlandais
18036,Island,Île
18037,Israeli Restaurant,Restaurant Israélien
18038,Italian Restaurant,Restaurant italien
19000,Jain Restaurant,Restaurant jaïn
19001,Jamaican Restaurant,Restaurant jamaïcain
19002,Janguh Restaurant,Janguh Restaurant
19003,Janitorial Service,Service de conciergerie
19004,Japanese Restaurant,Restaurant japonais
19005,Javanese Restaurant,Restaurant javanais
19006,Jazz & Blues Club,Club de jazz et de blues
19007,Jet Ski Rental,Location de Jet Ski
19008,Jewelry & Watches Company,Bijoux & Montres Entreprise
19009,Jewelry & Watches Store,Magasin de bijoux et de montres
19010,Jewelry Wholesaler,Grossiste en bijoux
19011,Jewelry/Watches,Bijoux & Montres
19012,Jiangsu Restaurant,Restaurant Jiangsu
19013,Journalist,Journaliste
19014,Junior High School,Lycée
19015,Just For Fun,Juste pour le fun
19016,Juvenile Lawyer,Avocat pour mineurs
20000,Kaiseki Restaurant,Restaurant Kaiseki
20001,Karaoke,Karaoké
20002,Karnataka Restaurant,Restaurant Karnataka
20003,Kebab Shop,Boutique de kebabs
20004,Kennel,Chenil
20005,Kerala Restaurant,Restaurant du Kerala
20006,Kids Entertainment Service,Service de divertissement pour enfants
20007,Kingdom Hall,salle du Royaume
20008,Kitchen & Bath Contractor,Entrepreneur en cuisine et salle de bain
20009,Kitchen/Cooking,Cuisine/Cuisine
20010,Kiteboarding Center,Centre de kitesurf
20011,Korean Restaurant,Restaurant coréen
20012,Kosher Restaurant,Restaurant casher
20013,Kurdish Restaurant,Restaurant kurde
20014,Kushikatsu Restaurant,Restaurant Kushikatsu
21000,Labor & Employment Lawyer,Avocat du travail et de l'emploi
21001,Labor Union,Syndicat de travail
21002,Lake,Lac
21003,Landlord & Tenant Lawyer,Avocat propriétaire et locataire
21004,Landmark & Historical Place,Point de repère et lieu historique
21005,Landscape Architect,Architecte paysagiste
21006,Landscape Company,Paysagiste
21007,Landscape Designer,Paysagiste
21008,Language School,École de langue
21009,Laser Hair Removal Service,Service d'épilation au laser
21010,Laser Tag Center,Centre de laser tag
21011,Lasik/Laser Eye Surgeon,Chirurgien des yeux Lasik / Laser
21012,Latin American Restaurant,Restaurant latino-américain
21013,Laundromat,Laverie
21014,Law Enforcement Agency,Police
21015,Lawyer & Law Firm,Avocat & Cabinet d'avocats
21016,Lebanese Restaurant,Restaurant Libanais
21017,Legal,Juridique
21018,Legal Service,Service légale
21019,Library,Bibliothèque
21020,Licensed Financial Representative,Représentant financier autorisé
21021,Lifestyle Service,Service de style de vie
21022,Lifestyle Services,Services de style de vie
21023,Light Rail Station,Station de métro léger
21024,Lighthouse,Phare
21025,Lighting Store,Magasin d'éclairage
21026,Ligurian Restaurant,Restaurant ligurien
21027,Limo Service,Service de limousine
21028,Lingerie & Underwear Store,Magasin de lingerie et de sous-vêtements
21029,Literary Arts,Arts littéraires
21030,Literary Editor,Éditeur littéraire
21031,Live & Raw Food Restaurant,Restaurant d'aliments vivants et crus
21032,Live Music Venue,Lieu de musique en direct
21033,Livery Stable,Écurie de louage
21034,Livestock Farm,Ferme d'élevage
21035,Loan Service,Service de prêt
21036,Lobbyist,Lobbyiste
21037,Local & Travel Website,Site Web local et de voyage
21038,Local Business,Entreprise locale
21039,Local Events,Événements locaux
21040,Local Service,Service local
21041,Locality,Localité
21042,Locksmith,Serrurier
21043,Lodge,Loge
21044,Logging Contractor,Entrepreneur en exploitation forestière
21045,Lombard Restaurant,Restaurant lombard
21046,Lottery Retailer,Détaillant de loterie
21047,Lounge,Salon
21048,Luggage Service,Service de bagages
21049,Lumber Yard,Cour à bois
21050,Lutheran Church,Église luthérienne
22000,Machine Shop,Atelier
22001,Magazine,Magazine
22002,Magician,Magicien
22003,Maharashtrian Restaurant,Restaurant maharashtrien
22004,Maid & Butler,Femme de ménage et majordome
22005,Makeup Artist,Maquilleur
22006,Malaysian Restaurant,Restaurant malaisien
22007,Malpractice Lawyer,Avocat en faute professionnelle
22008,Manadonese Restaurant,Restaurant Manadonais
22009,Management Service,Service de gestion
22010,Manufacturer/Supplier,Fabricant/fournisseur
22011,Marche Restaurant,Restaurant des Marches
22012,Marina,Marina
22013,Marine,Marin
22014,Marine Service Station,Station-service maritime
22015,Marine Supply Store,Magasin de fournitures marines
22016,Market,Marché
22017,Market Research Consultant,Consultante en études de marché
22018,Marketing Agency,Agence de commercialisation
22019,Marketing Consultant,Consultant en marketing
22020,Marriage Therapist,Thérapeute conjugal
22021,Martial Arts School,École d'arts martiaux
22022,Masonry Contractor,Entrepreneur en maçonnerie
22023,Massage School,École de massages
22024,Massage Service,Service de massages
22025,Massage Therapist,Massothérapeute
22026,Maternity & Nursing Clothing Store,Magasin de vêtements de maternité et d'allaitement
22027,Maternity Clinic,Maternité
22028,Mattress Manufacturer,Fabricant de matelas
22029,Mattress Store,Magasin de matelas
22030,Mattress Wholesaler,Grossiste en matelas
22031,Meat Wholesaler,Grossiste en viande
22032,Media,Médias
22033,Media Agency,Agence média
22034,Media/News Company,Société de presse/médias
22035,Medical & Health,Médical & Santé
22036,Medical Cannabis Dispensary,Dispensaire de cannabis médical
22037,Medical Center,Centre médical
22038,Medical Company,Société médicale
22039,Medical Device Company,Entreprise de dispositifs médicaux
22040,Medical Equipment Manufacturer,Fabricant de matériel médical
22041,Medical Equipment Supplier,Fournisseur d'équipement médical
22042,Medical Lab,Laboratoire médical
22043,Medical Lawyer,Avocat médical
22044,Medical Procedure,Procédure médicale
22045,Medical Research Center,Centre de recherche médicale
22046,Medical School,École de médecine
22047,Medical Service,Service médical
22048,Medical Spa,Spa médical
22049,Medical Supply Store,Magasin de fournitures médicales
22050,Meditation Center,Centre de méditation
22051,Mediterranean Restaurant,Restaurant méditerranéen
22052,Meeting Room,Salle de réunion
22053,Men’s Clothing Store,Magasin de vêtements pour hommes
22054,Mental Health Service,Service de santé mentale
22055,Merchandising Service,Service de marchandisage
22056,Metal & Steel Company,Entreprise métallurgique et sidérurgique
22057,Metal Fabricator,Fabricant de métaux
22058,Metal Plating Service Company,Société de services de placage de métal
22059,Metal Supplier,Fournisseur de métal
22060,Methodist Church,Eglise Méthodiste
22061,Metro Area,Station de métro
22062,Mexican Restaurant,Restaurant mexicain
22063,Middle Eastern Restaurant,Restaurant du Moyen-Orient
22064,Middle School,École intermédiaire
22065,Military Base,Base militaire
22066,Military Lawyer,Avocat militaire
22067,Miniature Golf Course,Parcours de golf miniature
22068,Mining Company,Société minière
22069,Mission,Mission
22070,Mobile Home Dealer,Concessionnaire de mobil-homes
22071,Mobile Home Park,Parc de maisons mobiles
22072,Mobile Phone Shop,Boutique de téléphonie mobile
22073,Modeling Agency,Agence de mannequins
22074,Modern Art Museum,Musée d'art moderne
22075,Modern European Restaurant,Restaurant européen moderne
22076,Molecular Gastronomy Restaurant,Restaurant Gastronomie Moléculaire
22077,Monarch,Monarque
22078,Mongolian Restaurant,Restaurant mongol
22079,Monjayaki Restaurant,Restaurant Monjayaki
22080,Monument,Monument
22081,Moroccan Restaurant,Restaurant Marocain
22082,Mortgage Brokers,Courtiers hypothécaires
22083,Mosque,Mosquée
22084,Motel,Motel
22085,Motivational Speaker,Conférencier motivateur
22086,Motor Vehicle Company,Compagnie de véhicules automobiles
22087,Motorcycle Dealership,Concessionnaire de motos
22088,Motorcycle Manufacturer,Fabricant de motos
22089,Motorcycle Repair Shop,Atelier de réparation de motos
22090,Motorsports Store,Magasin de sport automobile
22091,Mountain,Montagne
22092,Mountain Biking Shop,Boutique VTT
22093,Movie,Film
22094,Movie & Music Store,Magasin de films et de musique
22095,Movie Character,Personnage de film
22096,Movie Genre,Genre de film
22097,Movie Theater,Cinéma
22098,Movie/Television Studio,Studio de cinéma/télévision
22099,Moving & Storage Service,Service de déménagement et d'entreposage
22100,Moving Supply Store,Magasin de matériel de déménagement
22101,Mughalai Restaurant,Restaurant moghol
22102,Museum,Musée
22103,Museum/Art Gallery,Musée/Galerie d'art
22104,Music,Musique
22105,Music Award,Prix ​​​​de la musique
22106,Music Chart,Graphique musical
22107,Music Lessons & Instruction School,Cours de musique et école d'instruction
22108,Music Production Studio,Studio de production musicale
22109,Music Video,Clip musical
22110,Musical Genre,Genre musical
22111,Musical Instrument,Instrument de musique
22112,Musical Instrument Store,Magasin d'instruments de musique
22113,Musician,Musicien
22114,Musician/Band,Musicien/Groupe
23000,Nabe Restaurant,Nabé Restaurant
23001,Nail Salon,Salon de manucure
23002,Nanny,Nounou
23003,National Forest,Forêt nationale
23004,National Park,parc national
23005,Nature Preserve,Réserve naturelle
23006,Naturopath,Naturopathe
23007,Nazarene Church,Église nazaréenne
23008,Neapolitan Restaurant,Restaurant Napolitain
23009,Neighborhood,Quartier
23010,Nepalese Restaurant,Restaurant népalais
23011,Nephrologist,Néphrologue
23012,Neurologist,Neurologue
23013,New American Restaurant,Nouveau restaurant américain
23014,News & Media Website,Site Web d'actualités et de médias
23015,News Personality,Personnalité de l'actualité
23016,Newspaper,Un journal
23017,Newsstand,Kiosque à journaux
23018,Nicaraguan Restaurant,Restaurant nicaraguayen
23019,Nigerian Restaurant,Restaurant nigérian
23020,Night Market,Marché de nuit
23021,No,Non
23022,Non-Business Places,Lieux non commerciaux
23023,Non-Governmental Organization (NGO),Organisation Non Gouvernementale (ONG)
23024,Non-Profits & Religious Organizations,Organisations à but non lucratif et religieuses
23025,Nondenominational Church,Église non confessionnelle
23026,Nonprofit Organization,Organisation à but non lucratif
23027,Noodle House,Maison de nouilles
23028,North Indian Restaurant,Restaurant indien du nord
23029,Not a Business,Pas une entreprise
23030,Notary Public,Notaire
23031,Nurseries & Gardening Store,Pépinières et magasin de jardinage
23032,Nursing Agency,Agence Infirmière
23033,Nursing Home,Maison de repos
23034,Nursing School,École d'infirmière
23035,Nutritionist,Nutritionniste
24000,Observatory,Observatoire
24001,Obstetrician-Gynecologist (OBGYN),Obstétricien-gynécologue (OBGYN)
24002,Occupational Safety and Health Service,Service de sécurité et de santé au travail
24003,Occupational Therapist,Ergothérapeute
24004,Ocean,Océan
24005,Office Equipment Store,Magasin d'équipement de bureau
24006,Office Supplies,Fournitures de bureau
24007,Oil Lube & Filter Service,Service de lubrification et de filtrage d'huile
24008,Okonomiyaki Restaurant,Restaurant Okonomiyaki
24009,Oncologist,Oncologiste
24010,Onsen,Onsen
24011,Opera House,Opéra
24012,Ophthalmologist,Ophtalmologiste
24013,Optician,Opticien
24014,Optometrist,Optométriste
24015,Oral Surgeon,Chirurgien dentiste
24016,Orchestra,Orchestre
24017,Organic Grocery Store,Épicerie Bio
24018,Organization,Organisme
24019,Organization/Institution Type,Type d'organisation/établissement
24020,Orthodontist,Orthodontiste
24021,Orthopedist,Orthopédiste
24022,Orthotics & Prosthetics Service,Service d'orthèses et de prothèses
24023,Oryshkivtsi; Ternopil’S’Ka Oblast’; Ukraine,Oryshkivtsi; Ternopil'S'Ka Oblast' ; Ukraine
24024,Osteopathic Doctor,Docteur Ostéopathe
24025,Other,Autre
24026,Otolaryngologist (ENT),Oto-rhino-laryngologiste (ORL)
24027,Outdoor & Sporting Goods Company,Entreprise d'articles de plein air et de sport
24028,Outdoor Equipment Store,Magasin d'équipement de plein air
24029,Outdoor Recreation,Loisirs de plein air
24030,Outlet Store,Magasin d'usine
25000,Padangnese Restaurant,Restaurant Padangnais
25001,Paddleboarding Center,Centre de paddle
25002,Paintball Center,Centre de paintball
25003,Painting Lessons,Cours de peinture
25004,Pakistani Restaurant,restaurant pakistanais
25005,Palace,Palais
25006,Paraguayan Restaurant,Restaurant paraguayen
25007,Park,Se garer
25008,Parking Garage / Lot,Garage / terrain de stationnement
25009,Parsi Restaurant,Restaurant Parsi
25010,Party & Entertainment Service,Service de fête et de divertissement
25011,Party Entertainment Service,Service de divertissement de fête
25012,Party Supply & Rental Shop,Magasin d'articles de fête et de location
25013,Passport & Visa Service,Passeports et visas
25014,Patio/Garden,Terrasse/Jardin
25015,Paving & Asphalt Service,Service de pavage et d'asphalte
25016,Pawn Shop,Prêteur sur gage
25017,Pediatric Dentist,Dentiste pédiatrique
25018,Pediatrician,Pédiatre
25019,Pentecostal Church,Église pentecôtiste
25020,People,Personnes
25021,Performance & Event Venue,Lieu de spectacle et d'événement
25022,Performance Art,Art de la performance
25023,Performance Art Theatre,Théâtre d'art de la performance
25024,Performing Arts,Arts performants
25025,Performing Arts School,École des arts du spectacle
25026,Periodontist,Parodontiste
25027,Persian/Iranian Restaurant,Restaurant persan/iranien
25028,Personal Assistant,Assistant personnel
25029,Personal Blog,Blogue personnel
25030,Personal Chef,Chef personnel
25031,Personal Coach,Entraîneur personnel
25032,Personal Goods & General Merchandise Stores,Magasins d'articles personnels et de marchandises générales
25033,Personal Injury Lawyer,Avocat en dommages corporels
25034,Personal Trainer,Entraîneur personnel
25035,Personal Website,Site Web personnel
25036,Peruvian Restaurant,Restaurant péruvien
25037,Pest Control Service,Service de lutte antiparasitaire
25038,Pet,Animaux
25039,Pet Adoption Service,Service d'adoption d'animaux de compagnie
25040,Pet Breeder,Éleveur d'animaux
25041,Pet Cafe,Café pour animaux de compagnie
25042,Pet Cemetery,Cimetière animalier
25043,Pet Groomer,Toiletteur pour animaux de compagnie
25044,Pet Service,Service pour animaux de compagnie
25045,Pet Sitter,Garde d'animaux
25046,Pet Store,Animalerie
25047,Pet Supplies,Fournitures pour animaux
25048,Petroleum Service,Service pétrolier
25049,Petting Zoo,Zoo pour enfants
25050,Pharmaceutical Company,Compagnie pharmaceutique
25051,Pharmaceuticals,Médicaments
25052,Pharmacy / Drugstore,Pharmacie / Parapharmacie
25053,Pho Restaurant,Restaurant Pho
25054,Phone/Tablet,Téléphone/Tablette
25055,Photo Booth Service,Service de photomaton
25056,Photographer,Photographe
25057,Photography Museum,Musée de la photographie
25058,Photography Videography,Photographie Vidéographie
25059,Physical Therapist,Physiothérapeute
25060,Picnic Ground,Terrain de pique-nique
25061,Piedmont Restaurant,Restaurant Piémont
25062,Pier,Jetée
25063,Pilates Studio,Studio Pilates
25064,Pizza Place,Pizzeria
25065,Planetarium,Planétarium
25066,Plastic Company,Entreprise de plastique
25067,Plastic Fabricator,Fabricant de plastique
25068,Plastic Manufacturer,Fabricant de plastique
25069,Plastic Surgeon,Chirurgien plastique
25070,Playground,Terrain de jeux
25071,Playlist,Playlist
25072,Plumbing Service,Service de plomberie
25073,Podcast,Podcast
25074,Podiatrist,Podologue
25075,Police Station,Poste de police
25076,Polish Restaurant,Restaurant polonais
25077,Political Candidate,Candidat politique
25078,Political Ideology,Idéologie politique
25079,Political Organization,Organisation politique
25080,Political Party,Parti politique
25081,Politician,Politicien
25082,Polynesian Restaurant,Restaurant polynésien
25083,Pond,Étang
25084,Pool & Billiard Hall,Billard et salle de billard
25085,Pop-Up Shop,Boutique éphémère
25086,Port,Port
25087,Portable Building Service,Service de construction mobile
25088,Portable Toilet Rentals,Location de toilettes portables
25089,Portuguese Restaurant,Restaurant portugais
25090,Post Office,Bureau de poste
25091,Poultry Farm,Élevage de volailles
25092,Powder Coating Service,Service de revêtement en poudre
25093,Pregnancy Care Center,Centre de soins de grossesse
25094,Presbyterian Church,Église Presbytérienne
25095,Preschool,Préscolaire
25096,Printing Service,Service d'impression
25097,Prison & Correctional Facility,Prison et établissement correctionnel
25098,Private Investigator,Détective privé
25099,Private Members Club,Club des membres privés
25100,Private Plane Charter,Affrètement d'avion privé
25101,Private School,École privée
25102,Proctologist,Proctologue
25103,Producer,Producteur
25104,Product/Service,Produit/Service
25105,Professional Gamer,Joueur professionnel
25106,Professional Service,Service professionnel
25107,Professional Services,Services professionnels
25108,Professional Sports League,Ligue sportive professionnelle
25109,Professional Sports Team,Équipe sportive professionnelle
25110,Profile,Profil
25111,Promenade,Promenade
25112,Property Lawyer,Avocat immobilier
25113,Property Management Company,Société de gestion immobilière
25114,Prosthodontist,Prosthodontiste
25115,Psychologist,Psychologue
25116,Psychotherapist,Psychothérapeute
25117,Pub,Pub
25118,Public & Government Service,Service public et gouvernemental
25119,Public Figure,Personnage public
25120,Public Figure Type,Type de personnage public
25121,Public Garden,Jardin publique
25122,Public Relations Agency,Agence de relations publiques
25123,Public School,École publique
25124,Public Service,Service publique
25125,Public Square / Plaza,Place publique / Plaza
25126,Public Swimming Pool,Piscine publique
25127,Public Toilet,Toilette publique
25128,Public Utility Company,Entreprise de service public
25129,Publisher,Éditeur
25130,Publishers,Éditeurs
25131,Puerto Rican Restaurant,Restaurant portoricain
25132,Puglia Restaurant,Pouilles Restaurant
25133,Pulmonologist,Pneumologue
25134,Punjabi Restaurant,Restaurant pendjabi
26000,Quay,Quai
27000,Race Track,Piste de course
27001,Racquetball Court,Terrain de racquetball
27002,Radio Station,Station de radio
27003,Radiologist,Radiologue
27004,Rafting/Kayaking Center,Centre de rafting/kayak
27005,Railroad Company,Compagnie de chemin de fer
27006,Railway Station,Gare
27007,Rajasthani Restaurant,Restaurant du Rajasthan
27008,Ramen Restaurant,Restaurant Ramen
27009,Real Estate,Immobilier
27010,Real Estate Agent,Agent immobilier
27011,Real Estate Appraiser,Évaluateur immobilier
27012,Real Estate Company,Société immobilière
27013,Real Estate Developer,Promoteur immobilier
27014,Real Estate Investment Firm,Société d'investissement immobilier
27015,Real Estate Lawyer,Avocat immobilier
27016,Real Estate Service,Service immobilier
27017,Real Estate Title & Development,Titre et développement immobilier
27018,Record Label,Maison de disque
27019,Recreation & Sports Website,Site Web de loisirs et de sports
27020,Recreation Center,Centre de loisirs
27021,Recreation Spot,Lieu de loisirs
27022,Recreational Vehicle Dealership,Concessionnaire de véhicules récréatifs
27023,Recruiter,Recruteur
27024,Recycling & Waste Management,Recyclage et gestion des déchets
27025,Recycling Center,Centre de recyclage
27026,Reference Website,Site de référence
27027,Reflexologist,Réflexologue
27028,Refrigeration Service,Service de réfrigération
27029,Region,Région
27030,Regional Website,Site Web régional
27031,Religious Bookstore,Librairie religieuse
27032,Religious Center,Centre religieux
27033,Religious Organization,Organisation religieuse
27034,Religious Place of Worship,Lieu de culte religieux
27035,Religious School,École religieuse
27036,Rent to Own Store,Louer pour posséder un magasin
27037,Rental Shop,Magasin de location
27038,Reproductive Service,Service de reproduction
27039,Reptile Pet Store,Animalerie de reptiles
27040,Reservoir,Réservoir
27041,Residence,Résidence
27042,Restaurant,Restaurant
27043,Restaurant Supply Store,Magasin de fournitures pour restaurants
27044,Restaurant Wholesaler,Grossiste en restauration
27045,Restaurants,Restaurants
27046,Retail Bank,Banque de détail
27047,Retail Company,Entreprise de vente au détail
27048,Retirement & Assisted Living Facility,Maison de retraite et de vie assistée
27049,Rheumatologist,Rhumatologue
27050,Rideshare Service,Service de covoiturage
27051,River,Rivière
27052,Robotics Company,Entreprise de robotique
27053,Rock Climbing Gym,Salle d'escalade
27054,Rock Climbing Spot,Site d'escalade
27055,Rodeo,Rodeo
27056,Roller Skating Rink,Patinoire à roulettes
27057,Roman Restaurant,Restaurant romain
27058,Romanian Restaurant,Restaurant Roumain
27059,Roofing Service,Service de toiture
27060,Rose Garden,Roseraie
27061,Rugby Pitch,Terrain de rugby
27062,Rugby Stadium,Stade de rugby
27063,Russian Restaurant,restaurant russe
27064,RV Park,Parc de camping-car
27065,RV Rental,Location de VR
27066,RV Repair Shop,Atelier de réparation de VR
28000,Safety & First Aid Service,Service de sécurité et premiers soins
28001,Saint Petersburg; Russia,Saint-Pétersbourg; Russie
28002,Sake Bar,Barre de saké
28003,Salad Bar,Buffet de salade
28004,Salsa Club,club de salsa
28005,Salvadoran Restaurant,Restaurant salvadorien
28006,Samgyetang Restaurant,Restaurant Samgyetang
28007,Sandblasting Service,Service de sablage
28008,Sandwich Shop,Sandwicherie
28009,Sardinian Restaurant,Restaurant sarde
28010,Satire/Parody,Satire/Parodie
28011,Saxon Restaurant,Restaurant saxon
28012,Scandinavian Restaurant,Restaurant Scandinave
28013,School,École
28014,School Fundraiser,Collecte de fonds pour l'école
28015,School Sports League,Ligue sportive scolaire
28016,School Sports Team,Équipe sportive de l'école
28017,School Transportation Service,Service de transport scolaire
28018,Science,La science
28019,Science Museum,Musée des sciences
28020,Science Website,Site Web scientifique
28021,Science; Technology & Engineering,La science; Technologie et Ingénierie
28022,Scientist,Scientifique
28023,Scooter Rental,Location de scooter
28024,Scottish Restaurant,Restaurant écossais
28025,Screen Printing & Embroidery,Sérigraphie & Broderie
28026,Scuba Diving Center,Centre de plongée sous-marine
28027,Scuba Instructor,Instructeur de plongée
28028,Sculpture Garden,Jardin de sculptures
28029,Seafood Restaurant,Restaurant de fruits de mer
28030,Seaplane Base,Base d'hydravion
28031,Seasonal Store,Magasin saisonnier
28032,Secretarial Service,Service de secrétariat
28033,Security Guard Service,Service de gardiennage
28034,Self-Storage Facility,Installation de libre-entreposage
28035,Senegalese Restaurant,Restaurant sénégalais
28036,Senior Center,Centre pour personnes âgées
28037,Septic Tank Service,Service de fosse septique
28038,Service Apartments,Appartements de service
28039,Seventh Day Adventist Church,Église adventiste du septième jour
28040,Sewer Service,Service d'égout
28041,Sewing & Alterations,Couture et retouches
28042,Sex Therapist,Sexothérapeute
28043,Shabu Shabu Restaurant,Restaurant Shabu Shabu
28044,Shandong Restaurant,Restaurant du Shandong
28045,Shanghainese Restaurant,Restaurant shanghaien
28046,Shaved Ice Shop,Boutique de glace pilée
28047,Shipping Supply & Service,Fourniture et service d'expédition
28048,Shoe Repair Shop,Atelier de cordonnerie
28049,Shooting/Hunting Range,Stand de tir/chasse
28050,Shopping & Retail,Achats et vente au détail
28051,Shopping District,Quartier commerçant
28052,Shopping Mall,Centre commercial
28053,Shopping Service,Service d'achat
28054,Show,Spectacle
28055,Shredding Service,Service de déchiquetage
28056,Sicilian Restaurant,Restaurant sicilien
28057,Sightseeing Tour Agency,Agence de visites guidées
28058,Signs & Banner Service,Service d'enseignes et de bannières
28059,Sikh Temple,Temple sikh
28060,Singaporean Restaurant,Restaurant singapourien
28061,Skate Shop,Boutique de skate
28062,Skateboard Park,Parc de planche à roulettes
28063,Ski & Snowboard School,École de ski et de planche à neige
28064,Ski & Snowboard Shop,Magasin de ski et de planche à neige
28065,Ski Resort,Station de ski
28066,Skin Care Service,Service de soins de la peau
28067,Skydiving Center,Centre de parachutisme
28068,Slovakian Restaurant,Restaurant slovaque
28069,Smog Emissions Check Station,Poste de contrôle des émissions de smog
28070,Smoothie & Juice Bar,Bar à smoothies et à jus
28071,Snorkeling Spot,Spot de plongée en apnée
28072,Soba Restaurant,Soba Restaurant
28073,Soccer Field,Terrain de football
28074,Soccer Stadium,Stade de football
28075,Social Club,Club social
28076,Social Media Agency,Agence de médias sociaux
28077,Social Media Company,Société de médias sociaux
28078,Social Service,Service social
28079,Society & Culture Website,Site Web de la société et de la culture
28080,Software,Logiciel
28081,Software Company,Société de logiciels
28082,Solar Energy Company,Société d'énergie solaire
28083,Solar Energy Service,Service d'énergie solaire
28084,Song,Chanson
28085,Sorority & Fraternity,Sororité & Fraternité
28086,Soul Food Restaurant,Restaurant de cuisine soul
28087,Soup Restaurant,Restaurant de soupe
28088,South African Restaurant,Restaurant sud-africain
28089,South Indian Restaurant,Restaurant du sud de l'Inde
28090,South Tyrolean Restaurant,Restaurant du Tyrol du Sud
28091,Southern Restaurant,Restaurant du Sud
28092,Southwestern Restaurant,Restaurant du sud-ouest
28093,Souvenir Shop,Boutique de souvenirs
28094,Spa,Spa
28095,Spanish Restaurant,Restaurant Espagnol
28096,Speakeasy,Bar clandestin
28097,Specialty Grocery Store,Épicerie spécialisée
28098,Specialty School,École de spécialité
28099,Speech Pathologist,Orthophoniste
28100,Speech Therapist,Orthophoniste
28101,Spiritual Leader,Leader spirituel
28102,Sport,sport
28103,Sport Psychologist,Psychologue du sport
28104,Sporting Goods Store,Magasin d'articles de sport
28105,Sports,Des sports
28106,Sports & Fitness Instruction,Cours de sport et de remise en forme
28107,Sports & Recreation,Sports et loisirs
28108,Sports & Recreation Venue,Lieu de sports et de loisirs
28109,Sports Bar,Bar sportif
28110,Sports Club,Club de sport
28111,Sports Event,Événement sportif
28112,Sports League,Ligue sportive
28113,Sports Promoter,Promoteur sportif
28114,Sports Team,Équipe de sport
28115,Sportswear Store,Magasin de vêtements de sport
28116,Squash Court,Terrain de squash
28117,Sri Lankan Restaurant,Restaurant sri lankais
28118,Stadium; Arena & Sports Venue,Stade; Arène et lieu de sport
28119,State,État
28120,State Park,Parc d'état
28121,Stately Home,Maison seigneuriale
28122,Statue & Fountain,Statue & Fontaine
28123,STD Testing Center,Centre de test MST
28124,Steakhouse,Steak House
28125,Storage Facility,Facilité de stockage
28126,Street,Rue
28127,Structural Engineer,Ingénieur en structure
28128,Subway Station,Station de métro
28129,Sugaring Service,Service de sucrage
28130,Sukiyaki Restaurant,Restaurant Sukiyaki
28131,Sundanese Restaurant,Restaurant sundanais
28132,Sunglasses & Eyewear Store,Magasin de lunettes de soleil et de lunettes
28133,Supermarket,Supermarché
28134,Surf Shop,Magasin de surf
28135,Surfing Spot,Spot de surf
28136,Surgeon,Chirurgien
28137,Surgical Center,Centre chirurgical
28138,Surveyor,Arpenteur
28139,Sushi Restaurant,Restaurant de sushis
28140,Swabian Restaurant,Restaurant souabe
28141,Swimming Instructor,Instructeur de natation
28142,Swimming Pool & Hot Tub Service,Service de piscine et bain à remous
28143,Swimming Pool Cleaner,Nettoyeur de piscine
28144,Swimwear Store,Magasin de maillots de bain
28145,Swiss Restaurant,Restaurant Suisse
28146,Symphony,Symphonie
28147,Synagogue,Synagogue
28148,Syrian Restaurant,Restaurant syrien
28149,Szechuan/Sichuan Restaurant,Restaurant Szechuan/Sichuan
29000,Taco Restaurant,Restaurant de tacos
29001,Tai Chi Studio,Studio de Tai Chi
29002,Taiwanese Restaurant,Restaurant Taïwanais
29003,Takoyaki Restaurant,Restaurant Takoyaki
29004,Talent Agent,Agent de talent
29005,Tamilian Restaurant,Restaurant tamoul
29006,Tanning Salon,Salon de bronzage
29007,Tapas Bar & Restaurant,Bar à tapas et restaurant
29008,Tatar Restaurant,Restaurant tatar
29009,Tattoo & Piercing Shop,Boutique de tatouages ​​et de piercings
29010,Tax Lawyer,Avocat fiscaliste
29011,Tax Preparation Service,Service de préparation des déclarations
29012,Taxi Service,Service de taxi
29013,Taxidermist,Taxidermiste
29014,Tea Room,Salon de thé
29015,Teacher,Prof
29016,Technology Company,Entreprise de technologie
29017,Teens & Kids Website,Site ados et enfants
29018,Teeth Whitening Service,Service de blanchiment des dents
29019,Telecommunication Company,Entreprise de télécommunication
29020,Telemarketing Service,Service de télémarketing
29021,Television Repair Service,Service de réparation de télévision
29022,Television Service Provider,Fournisseur de services de télévision
29023,Tempura Restaurant,Restaurant Tempura
29024,Tennis Court,Court de tennis
29025,Tennis Stadium,Stade de tennis
29026,Teppanyaki Restaurant,Restaurant Teppanyaki
29027,Test Preparation Center,Centre de préparation aux tests
29028,Tex-Mex Restaurant,Restaurant Tex Mex
29029,Textile Company,Entreprise textile
29030,Thai Restaurant,Restaurant thaï
29031,Theatrical Play,Pièce de théâtre
29032,Theatrical Productions,Productions théâtrales
29033,Theme Restaurant,Restaurant à thème
29034,Therapist,Thérapeute
29035,Threading Service,Service de filetage
29036,Thrift & Consignment Store,Friperie et dépôt-vente
29037,Tianjin Restaurant,Restaurant Tianjin
29038,Ticket Sales,La vente de billets
29039,Tiki Bar,Tiki Bar
29040,Tiling Service,Carrelage
29041,Tire Dealer & Repair Shop,Concessionnaire de pneus et atelier de réparation
29042,Tobacco Company,Compagnie de tabac
29043,Tobacco Store,Magasin de tabac
29044,Tonkatsu Restaurant,Restaurant Tonkatsu
29045,Tools/Equipment,Outils/Équipement
29046,Tour Agency,Agence de voyages
29047,Tour Guide,Guide touristique
29048,Tourist Information Center,Centre d'information touristique
29049,Towing Service,Service de remorquage
29050,Town Hall,Mairie
29051,Township,Canton
29052,Toy Store,Magasin de jouets
29053,Track Stadium,Stade de piste
29054,Trade School,Une école de commerce
29055,Traffic School,École de la circulation
29056,Trailer Dealership,Concessionnaire de remorques
29057,Trailer Rental,Location de remorque
29058,Train Station,Gare
29059,Transit Hub,Centre de transport en commun
29060,Transit Stop,Arrêt de transport en commun
29061,Transit System,Système de transport en commun
29062,Translator,Traducteur
29063,Transportation & Accomodation Services,Services de transport et d'hébergement
29064,Transportation Service,Service de transport
29065,Travel & Transportation,Voyage et transport
29066,Travel Agency,Agence de voyage
29067,Travel Company,Compagnie de voyage
29068,Travel Service,Service de voyage
29069,Tree Cutting Service,Service d'abattage d'arbres
29070,Trentino Alto Adige Restaurant,Restaurant Trentin Haut Adige
29071,Trinidadian Restaurant,Restaurant Trinidadien
29072,Trophies & Engraving Shop,Trophées & Gravure Boutique
29073,Truck Rental,Location de camion
29074,Truck Repair Shop,Atelier de réparation de camions
29075,Turkish Restaurant,Restaurant turc
29076,Tuscan Restaurant,Restaurant toscan
29077,Tutor/Teacher,Tuteur/Enseignant
29078,TV,la télé
29079,TV & Movies,TV et Films
29080,TV Channel,Chaîne TV
29081,TV Genre,Genre de télévision
29082,TV Network,TV connectée
29083,TV Season,Saison télévisée
29084,TV Show,Émission de télévision
29085,TV/Movie Award,Prix ​​​​de la télévision / du cinéma
30000,Udon Restaurant,Restaurant Udon
30001,Ukrainian Restaurant,Restaurant Ukrainien
30002,Umbrian Restaurant,Restaurant Ombrie
30003,Unagi Restaurant,Restaurant Unagi
30004,Uniform Supplier,Fournisseur d'uniformes
30005,University Status,Statut universitaire
30006,Urban Farm,Ferme urbaine
30007,Urologist,Urologue
30008,Uruguayan Restaurant,Restaurant uruguayen
30009,Uttar Pradesh Restaurant,Restaurant de l'Uttar Pradesh
30010,Uzbek Restaurant,Restaurant ouzbek
31000,Vacation Home Rental,Location de maison de vacances
31001,Vegetarian/Vegan Restaurant,Restaurant végétarien/végétalien
31002,Vending Machine Sales & Service,Vente et service de distributeurs automatiques
31003,Venetian Restaurant,Restaurant Vénitien
31004,Venezuelan Restaurant,Restaurant vénézuélien
31005,Veterinarian,Vétérinaire
31006,Video,Vidéo
31007,Video Creator,Créateur de vidéos
31008,Video Game,Jeu vidéo
31009,Video Game Store,Magasin de jeux vidéo
31010,Vietnamese Restaurant,Restaurant vietnamien
31011,Village,Village
31012,Vintage Store,Boutique vintage
31013,Vinyl Siding Company,Entreprise de revêtement de vinyle
31014,Visual Arts,arts visuels
31015,Vitamin Supplement Shop,Boutique de suppléments vitaminiques
31016,Vitamins/Supplements,Vitamines/Suppléments
31017,Volleyball Court,Terrain de volleyball
32000,Wagashi Restaurant,Restaurant Wagashi
32001,Warehouse,Entrepôt
32002,Waste Management Company,Société de gestion des déchets
32003,Water Heater Installation & Repair Service,Service d'installation et de réparation de chauffe-eau
32004,Water Park,Parc aquatique
32005,Water Treatment Service,Service de traitement de l'eau
32006,Water Utility Company,Compagnie des eaux
32007,Waterfall,Cascade
32008,Waxing Service,Service d'épilation
32009,Web Designer,Concepteur Web
32010,Website,Site Internet
32011,Websites & Blogs,Sites Web et blogs
32012,Wedding Planning Service,Service de planification de mariage
32013,Wedding Venue,Salle de mariage
32014,Weight Loss Center,Centre de perte de poids
32015,Well Water Drilling Service,Service de forage d'eau de puits
32016,Wheel & Rim Repair Service,Service de réparation de roues et de jantes
32017,Whisky Bar,Bar à whisky
32018,Wholesale & Supply Store,Commerce de gros et de fournitures
32019,Wholesale Bakery,Boulangerie en gros
32020,Wholesale Grocer,Épicier en gros
32021,Wig Store,Magasin de perruques
32022,Wildlife Sanctuary,Sanctuaire de la faune
32023,Window Installation Service,Service d'installation de fenêtres
32024,Wine Bar,Bar à vin
32025,Wine; Beer & Spirits Store,Vin; Magasin de bières et spiritueux
32026,Wine/Spirits,Vins/Spiritueux
32027,Winery/Vineyard,Cave/Vignoble
32028,Women’s Clothing Store,Magasin de vêtements pour femmes
32029,Women’s Health Clinic,Clinique de santé des femmes
32030,Work Position,Position de travail
32031,Work Project,Projet de travail
32032,Workplace & Office,Lieu de travail et bureau
32033,Writer,Écrivain
32034,Writing Service,Service de rédaction
33000,Xinjiang Restaurant,Restaurant du Xinjiang
33001,Yakiniku Restaurant,Restaurant Yakiniku
33002,Yakitori Restaurant,Restaurant Yakitori
33003,Yoga Studio,Studio de yoga
33004,Yoshoku Restaurant,Restaurant Yoshoku
33005,Youth Organization,Organisation de jeunesse
33006,Yunnan Restaurant,Restaurant du Yunnan
34000,Zhejiang Restaurant,Restaurant du Zhejiang
34000,Zoo,Zoo
